derimot	baicce, dattege
upassende	eahpeheivvolaš, unohas
opptatt	(være opptatt av) beroštit	Folk er opptatt av utmarksområdene og viddene i kommunen.	Olbmot beroštit gieldda meahcceguovlluin ja duoddariin.
opptatt	(ikke ledig)	anus, várrejuvvon	Rommet er opptatt (eget eks).	Latnja lea várrejuvvon.
borte	eret, jávkan
utover	(retning) olggosguvlui	norsk	samisk
utover	miehtá
utover	(gå utover noen) čuohcat	De senere tids reguleringer har spesielt gått utover samiske laksefiskere.	Maŋemus áiggiid reguleremat leat erenoamážit čuohcán sámi luossabivdiide.
utover	(mer enn) lassin
bl.a.	earret eará	Sentret arrangerer blant annet utstillinger i sommerhalvåret.	Guovddáš lágida earret_eará čájáhusaid geassejahkebealis.
egen	iežas, sierra
ettersom	daningo, dannego, go, dasgo??
verken	ii...iige...	Dette er ikke til det beste verken for skattyterne eller de ansatte.	Dat ii leat vearromáksiid iige bargiid ovdun.
innom	fitnat...?	har vært innom skolen	lea fitnan skuvllas
igjennom	čađa
skyldes	
forresten	
late	dahkaluddat?
gir	
sjekke	geahččat
nødvendigvis	
innsende	
såpass	dan mađe	Nå var vi blitt såpass store at vi syntes det var gøy å bo på internat.	Dál mii leimmet sturron dan mađe ahte min mielas lei somá orrut internáhtas.
muligens	soaitit	Dette vil muligens gi et nytt bilde av samisk handel.	Dát soaittášii addit ođđa ipmárdusa sámi gávppašeamis.
muligens	vejolaččat
visning	
loggføre	
test	geahččaleapmi, iskkus
ihvertfall	goitge?
pluss	pluss, 
åring	
befinne	
klikk	deaddil, deaddileapmi
more	suohtastahttit	
sikt	(på sikt) áiggi mielde, guhkit áigái			
ifra	(ut ifra) mielde, vuođul 
mail			
hittil	dán rádjai, dássážii	Hans hittil siste bok.	Su maŋimus girji dássážii.
dvs.	
riktignok	gal
endel	
skreve				
tv	tv
enhver	juohke, iešguhtet, juohkehaš
finner	gávdnujeadji??		
foreligge				
imponere	
tyde	
opptil	gitta, rádjai
husk	muitu	
henhold	 (i henhold til) mielde
underveis	dađistaga?		
hold		
last		
forholde		
bekymre	vuorjašuvvá
bi	
hverken	
bry	beroštit, váivi, givssi		
hvorvidt	
stadion	
forbeholde	
fremfor	ovdal
nødt	fertet	Hun er nødt til å gå.	Son ferte vuolgit.
faen	biru
iallefall	
moderator	
henholdsvis	
samtlige	buohkat, buot, visot	
tenker	jurddašit, smiehttat
trenges	dárbbašuvvot
fant	
sjekke	
inni	
tvert	
definitiv	loahpalaš	
live	
null	nolla
enhver	
funke	doaibmat
foreta	
desille	
således	
tilstede	sajistis??
innsikt	ipmárdus
forholdsvis	viehka, oalle
ytterligere	eambo, lasi
casino	
igang	
foreta	
tilsi	
idet	
imponere		
fyr	
ei	
forkant	
gradvis	dađistaga
overalt	juohke sajis, miehtá
fremstå	
forhåpentligvis	
ange	
online	
cirka	
pga.	
risikere	
undertegne		
ettertid	
fet	assái, vuodjai??
m.m.	
åpenbare	
derfra	das rájes
norge	
basis	
kjekk	
kø	ráidu
vedrøre	
sistnevnt	
nydelig	
muslimsk	
visstnok	
gjenstå	váilut?
utstyre	
høyst	eanemustá
hvorav	mas 
stole	
unik	
begynner	álggahalli
utelukkende	
regner	
eksempelvis	
ulike	
ben	
innimellom	
herunder	
antagelig	árvideames, amma
utvilsom(t)	eahpitkeahttá	Dette er utvilsomt en seier for samiske rettigheter.	Dát lea eahpitkeahttá vuoitun sámi vuoigatvuođaide.
istedet	
tlf.	
motsatt	jorggu, nuppegežiid
dels	
setter	
bonus	
oppi	
overta	
svineinfluensa	
drøy	(langvarig) bistil
drøy	(litt i overkant av) badjelaš	Det er en samlet nedgang på litt over 23% siden 2005.	Obbalaš njiedjan lea badjelaš 23% 2005 rájes.
fjorår	
finn	
nydelig	
el	
mvh	
titt	
etterkant	
web	
venne	
vent	
låt	
oppsett	
framfor	
hold	
overraskelse	
avhenge	
henvendelse	
investor	
frakoble	
skjønner	
peiling	
spent	
venstreside	
ombord	
rapportér	
utmerket	
iallfall	
jevnlig	
folkens	
utvalgt	
virus	
o.l.	
overta	
barne	
admin	
vellykket	
stk.	
lit	
fatt	
overta	
borti	
fremgå	
åring	
hell	
tortur	
kriminell	
instilling	
ad	
ben	
kose	
besvare	
komplett	
mestepart	
innover	
deriblant	
foreta	
baby	
fenomen	
pågå	
undertegne	
score	
hurtigbuffer	
forelske	
korrupsjon	
publisering			
hen	
forsåvidt				
graviditet	
siter	
take	
red	
blev	
personangrep	
jammen	
hevd				
zoom	
følgelig	
joda	
vore	
sm.	
down	
varsling	
born	
kvitt	
min.	
inkl.	
well	
gold	
jævlig	
standpunkt	
løft	
sid	
md.	
forholde	
neve	
kutt	
latterlig	
inntak	
enhver	
hijab	
sorry	
innblikk	
shopping	
relatere	
neida	
funksjonshemmet	
turnering		
berr	
plast	
p.	
gårsdag	
target	
score	
betraktelig	
nettavis	
skru	
spørres	
herregud	
tyder	
nyhetsbrev	
låt	
obs	
kvm	
omvendt	
scoring	
foreta	
atter	
support	
being	
bot	
innpå	
låt	
overnatting	
middels	
ase	
high	
ll	
red.	
ass	
noenlunde	
e	
underlegge	
uavgjort	
text	
old	
innstille	
tidvis	
unik	
oslo	
visning	
morro	
sinnsyk	
max	
eve	
isteden	
m.	
palestiner	
fenomen	
sjarmere	
through	
fans	
kontra	
ifjor	
fyr	
utslag	
commented	
odd	
many	
begrenset	
kap	
terningkast	
appell	
hm	
mannlig	
fuck	
enhver	
quot	
risikere	
ko	
look	
research	
grunnet	
vellykket	
mfl.	
intens	
ok	
gay	
againdre	
derved	
ses	
bur	
begå	
ikkje	
pop	
subject	
èn	
medhold	
sådan	
supporter	
unik	
skyldes	
represalie	
restere	
videreutvikle	
mac	
blog	
tilsende	
pågripe	
kast	
she	
tomme	
r	
name	
elsker	
deltagelse	
na	
mvh	
those	
tribun	
kvadratmeter	
kose	
tyde	
such	
drite	
case	
set	
pdf	
got	
country	
midtbane	
c	
money	
selveste	
bildekvalitet	
karbohydrat	
ki	
need	
al	
bry	
univers	
bur	
indikere	
megapiksel	
toppe	
nahi	
fakultet	
etablert	
great	
opptreden	
still	
id	
mature	
konsernsjef	
detta	
kalori	
dr.	
eks.	
næringslivsavis	
tilnærmet	
own	
before	
body	
ts.	
fred.	
Én	
c	
mykje	
selvom	
little	
låte	
gjennomslag	
nude	
xxx	
spesialist	
farvel	
eliteserie	
cicero	
logge	
influensa	
respektiv	
nedtur	
tag	
tja	
family	
dumping	
moms	
utnyttelse	
overta	
allefall	
komplisere	
place	
al	
avgårde	
investor	
serierunde	
lansering	
around	
pepp	
omlag	
g	
kåt	
used	
blogging	
ex	
løslate	
oil	
monitor	
kvitte	
eksponering	
change	
km/t	
hot	
digge	
home	
come	
dritt	
integrering	
jazz	
slitsom	
slipp	
fikse	
des.	
div.	
sjølv	
henvendelse	
girls	
opera	
sjekke	
regulering	
slettes	
too	
again	
stole	
quote	
tilsamme	
fremstå	
dr.	
ufattelig	
odds	
testing	
kose	
tryne	
software	
duke	
utpå	
mm	
redigering	
m.	
fatte	
opphav	
fet	
utfall	
arsenal	
imorgen	
innad	
bin	
forut	
fascinere	
sjå	
rødgrønne	
animal	
duell	
intens	
fleire	
oppgradering	
gårde	
oppslag	
utifra	
since	
op.	
tilfeldigvis	
appell	
vegne	
movies	
spent	
lydkvalitet	
landsby	
hiv	
kø	
tilstedeværelse	
nyhetsbyrå	
angi	
dig	
bistå	
massiv	
without	
pro	
market	
avd.	
single	
anvende	
vidvinkel	
epostadresse	
jepp	
utleie	
spore	
amp	
fy	
find	
droppe	
women	
comment	
boligprise	
resultere	
trakassere	
adressa.no	
jg	
bekymre	
framstå	
kjølvann	
avgi	
morra	
did	
things	
minnekort	
during	
days	
date	
travel	
satt	
slipp	
ca.	
mht	
touch	
slo	
massevis	
egenhånd	
begrenset	
snapback	
open	
rd	
sept	
debutere	
debut	
sulten	
ol	
dødsstraff	
oppsøke	
samtlige	
super	
skru	
fru	
mv.	
palestiner	
mislighet	
opphavsrettsbeskyttet	
ps	
førsteamanuensis	
vera	
nydelig	
våken	
fagbevegelse	
mæ	
innta	
ogsaa	
lg	
meddebattante	
better	
sake	
redtube	
music	
lit	
morf	
værre	
låta	
flu	
årig	
f	
both	
nære	
drøy	
strøk	
valgfri	
article	
liga	
death	
fengsle	
underholdende	
mv.	
komplett	
konsentrasjon	
casinos	
company	
menu	
angi	
droppe	
bekymre	
girl	
inflasjon	
believe	
idiot	
foreligge	
gg	
blits	
code	
today	
tilslutt	
nedlasting	
three	
game	
blogger	
befinne	
wow	
redaktøraransvar	
stakkars	
click	
dan	
jada	
while	
ankomst	
henger	
rapportering	
jaggu	
imponere	
låt	
bortimot	
give	
påføre	
policy	
sup	
drøy	
going	
skjønt	
gir	
fristende	
tilværelse	
sprang	
från	
forfall	
entry	
underkant	
netto	
virus	
utskrift	
still	
tildeling	
n.	
game	
overvelde	
noget	
omega	
finn	
ud	
oppmøte	
godbit	
siv	
sidan	
tilværelse	
tilbringe	
fan	
rådgivning	
fortløpende	
really	
dvd	
trailer	
årrekke	
kjip	
herved	
number	
protein	
utenlands	
heil	
bærbar	
iblant	
war	
str	
public	
brite	
frank	
e.	
innlegge	
akseptabel	
download	
turnering	
ere	
happy	
elektro	
varig	
flyt	
piksel	
style	
flau	
hist	
alikevel	
privatisering	
news	
muslimsk	
utroskap	
bortebane	
kos	
kb	
away	
norges	
bærbar	
pictures	
match	
booke	
én	
gjennombrudd	
ar	
derav	
spore	
next	
syd	
ergo	
level	
desse	
designe	
hin	
blogg.no	
ev.	
bikkje	
lesbisk	
does	
und	
vol	
golf	
gjennomgående	
tilføre	
kim	
international	
comeback	
google	
flau	
tel	
left	
study	
digge	
f	
ironisk	
kvar	
div.	
stilig	
opplagt	
gjer	
innta	
venne	
logge	
utløse	
unik	
muslimsk	
ses	
city	
uttelling	
elite	
age	
såvel	
imponere	
state	
usa	
spekter	
no.	
grusom	
svarer	
roll	
komplikasjon	
amming	
sosialist	
idiot	
såfall	
godkjent	
sek	
oppvokst	
hmm	
sexy	
main	
overraskelse	
mrd.	
skru	
søkelys	
something	
knall	
margin	
spilletid	
inklusive	
another	
allianse	
årig	
jr.	
co	
titt	
lansering	
parkering	
opptur	
sjekke	
fact	
drite	
høydepunkt	
puls	
fl	
teit	
help	
group	
page	
maa	
turn	
misforstå	
found	
tviler	
utdele	
heretter	
travel	
utfra	
mishandling	
inderlig	
desperat	
baby	
førstkommende	
innvilge	
server	
size	
gående	
mister	
poin	
fraværende	
trøkk	
cannabis	
usannsynlig	
utspill	
party	
ase	
cl	
defensiv	
share	
night	
nice	
dernest	
vgs	
lekker	
pinlig	
hydrogen	
fastlege	
åpner	
cacher	
dæ	
innendørs	
ful	
anvende	
diabetiker	
scoring	
nødt	
gjennomført	
etappe	
horse	
ihjel	
q	
opprykk	
skatteliste	
mod	
ræv	
backup	
mini	
altid	
fiber	
elite	
smell	
romantisk	
personal	
bachelor	
au	
strekk	
linke	
landsbygd	
turbo	
stell	
serve	
etterretning	
lol	
resultere	
fremstille	
pils	
kose	
likeledes	
f.t.	
behold	
week	
henvende	
toppscorer	
facebook	
always	
alla	
værste	
dvs.	
aacute	
production	
light	
betaler	
kjør	
fortjent	
test	
innta	
fbs	
content	
ver	
ettertanke	
semifinale	
lekker	
title	
hvad	
uff	
final	
triks	
roe	
why	
ultimat	
mit	
bakfra	
hyllest	
offside	
frøken	
herr	
innebygd	
useriøs	
klipp	
aggressiv	
motsette	
center	
unit	
oppsikt	
huff	
kjekk	
price	
trade	
strak	
vedtekt	
flu	
kinge	
allt	
mrd.	
topic	
je	
sir	
every	
indian	
ref.	
lekker	
misbruke	
buy	
drastisk	
bildekvalitet	
serierunde	
still	
fremstille	
fjor	
suveren	
uaktuell	
morgendag	
mix	
tilegg	
fenomen	
kos	
majoritet	
midtbane	
eks.	
loggføre	
justering	
windows	
omverden	
lønning	
sukk	
landslagssjef	
fet	
utan	
mht.	
example	
useriøs	
working	
vist	
juling	
investor	
henvende	
second	
hallo	
utsolgt	
aldrig	
kjønnsforskning	
feel	
rally	
introduksjon	
utenkelig	
imponere	
order	
fatte	
oljefond	
science	
aar	
oppsett	
verdensrom	
juble	
veit	
oppfølger	
autofokus	
matt	
fjerning	
foreta	
analytiker	
age	
fikse	
living	
bergen	
forbeholde	
ligg	
romme	
fikse	
tilføre	
profitt	
project	
nokon	
andreplass	
pågå	
koran	
syndrom	
mva.	
videreutvikling	
drakt	
mislike	
gavekort	
e-mail	
net	
e.l.	
sit	
report	
aids	
g	
oppfølger	
pl.	
bebyggelse	
nrk.no	
boy	
thriller	
korte	
dét	
pakningsvedlegg	
fildeling	
fair	
intensitet	
turnering	
stem	
dosering	
brukervennlighet	
knallhard	
utestenge	
utmerke	
upp	
onmouseout	
meine	
st.	
varig	
z	
server	
søksmål	
ty	
kampsport	
liga	
fortrinnsvis	
åh	
overens	
begrenset	
fremragende	
aktivist	
innledningsvis	
vips	
mellomstor	
godkjent	
oppkjøp	
sid	
maleri	
avgi	
kjennetegne	
hurra	
sammensette	
komfortabel	
overvåkning	
incest	
klarere	
borgerskap	
eks.	
presidentvalg	
ca.	
utad	
kostholdsfilosofi	
kjørt	
søkelys	
overgå	
knop	
parkour	
oppdretter	
skatte	
nazist	
gong	
framme	
sprit	
fjorår	
desidert	
tek	
tomme	
vettu	
simpelthen	
word	
dt	
antibiotikum	
social	
keep	
innebygget	
sistnevnt	
fakultet	
jobbing	
hjemmekino	
relatere	
prestere	
boikott	
vad	
resultere	
harmoni	
venne	
personopplysning	
iphone	
fatte	
uttak	
trakassering	
spam	
monopol	
med.	
utmerket	
suveren	
støtt	
kjempebra	
fun	
foreligge	
henrette	
performance	
logge	
slot	
maleri	
among	
protein	
oxo	
oppdretter	
angi	
might	
bob	
besvare	
velkjent	
based	
arbeiderparti	
när	
tildels	
sykling	
venne	
hjertesvikt	
woh	
ekkel	
justering	
eiendomsskatt	
drite	
read	
vinn	
monster	
ah	
uk	
shit	
kunstgress	
titalls	
ovennevnt	
oppussing	
utførelse	
emisjon	
onclick	
nogen	
mestring	
konsentrasjon	
champagne	
heart	
ande	
large	
denna	
sub	
development	
komplisere	
pasta	
tilsi	
tilknytte	
utskrift	
asyl	
blinde	
short	
rinne	
globalisering	
irritasjon	
opera	
mort	
cache	
sosialist	
climate	
resultere	
allergisk	
absurd	
mind	
cash	
pb	
reisetips	
landsby	
bevaring	
midtstopper	
uregistrert	
igangsette	
onde	
innlevering	
speed	
view	
stereo	
last	
dertil	
sek	
kcal	
pics	
overstige	
sponsor	
oppsøke	
omstridt	
førstnevnt	
åssen	
jag	
hjerter	
ven	
aften	
kjempefin	
helde	
ingrediens	
course	
hentai	
utløse	
svikt	
lit	
t.v.	
utro	
few	
pga.	
white	
venne	
univers	
analytiker	
ypperlig	
kille	
begå	
camera	
lovende	
endog	
fåtall	
face	
utfall	
kommentarfelt	
importere	
feed	
each	
takst	
mod	
karakterisere	
massiv	
tenåring	
skyldes	
bakhode	
spesiellt	
bortover	
player	
fakultet	
taper	
mod	
ff	
making	
sørlig	
atomvåpen	
apple	
prestere	
juks	
senior	
inflasjon	
akseptabel	
akvarium	
kommunist	
port	
skulde	
alias	
management	
satsning	
dvs.	
undertegne	
satt	
behavior	
edit	
su	
scoring	
countries	
energy	
marin	
utarbeidelse	
samma	
avgifte	
school	
easy	
økt	
antageligvis	
ge	
sulten	
pluss	
helseforetak	
daughter	
avslappet	
to-tre	
called	
hind	
u	
undre	
sidelenke	
ek	
allianse	
yeh	
lovende	
peker	
klikk	
likne	
verdensbasis	
msn	
imperialisme	
vellykket	
poker	
care	
evnt	
copyright	
feile	
please	
cola	
dengang	
markant	
anime	
uti	
speilrefleks	
etg.	
utbrudd	
aggressiv	
øyeblikkelig	
navigere	
mail	
switch	
including	
vedlegge	
upassende	
quality	
early	
vilde	
prosessor	
possible	
nedtur	
komfort	
skrå	
tilnærmet	
plane	
nothing	
inneværende	
grusom	
semifinale	
kriminell	
foreligge	
omlegging	
lær	
omgjøre	
kjempefin	
nettop	
akademiker	
sær	
nærvær	
dess	
varig	
political	
vedr.	
overvektig	
unit	
besette	
vandring	
belegg	
intens	
detaljere	
avgi	
fr	
klargjøre	
house	
løft	
tru	
supe	
duo	
doping	
wrote	
fortjent	
utfor	
won	
pakistaner	
òg	
history	
diger	
inngående	
aksjekurs	
friends	
dr.	
oppføring	
middels	
funke	
un	
stupe	
value	
tit	
dg	
sååå	
fastlege	
avskaffe	
stop	
privatliv	
internasjonalisering	
dannelse	
port	
meditasjon	
beta	
reporter	
gjere	
nettbutikk	
il	
call	
analytiker	
presisjon	
johncons	
mangt	
late	
online	
injeksjon	
snev	
enough	
soul	
kutt	
samordning	
karakterisere	
sågar	
oppkast	
aur	
utlevere	
star	
naked	
aktivere	
optional	
utkikk	
plasma	
bedrive	
blei	
linn	
law	
ev.	
width	
v.	
trailer	
seen	
ritt	
ritt	
juble	
low	
revolusjonær	
flash	
syke	
datterselskap	
version	
giv	
koma	
utløse	
until	
klipp	
besteforeldre	
versus	
godbit	
trim	
apropos	
rate	
tha	
fluefiske	
nedfelle	
ulike	
nytt	
utspill	
fans	
tredjeplass	
ufarlig	
preferanse	
hihi	
px	
linke	
model	
kapitalistisk	
lydighet	
tilbringe	
bekjent	
pekepinn	
mas	
farvann	
alfa	
ma	
serve	
anerkjent	
grand	
sprek	
boy	
tags	
føye	
nedrykk	
p-pille	
four	
special	
hverandres	
anno	
super	
lærerik	
narkoman	
v/	
pastor	
movie	
puls	
others	
inntjening	
try	
picture	
spesialist	
lease	
ruter	
mom	
hovedsaklig	
betre	
uinteressant	
anything	
søken	
trass	
styrketrening	
hur	
done	
oppgitt	
search	
ikveld	
children	
told	
gigantisk	
area	
kineser	
ra	
funke	
supporter	
nedi	
health	
everyone	
massiv	
svineinfluensa	
splitter	
mannlig	
landsby	
spis	
fasilitet	
ose	
cum	
saltvann	
perfect	
kveldstid	
mannfolk	
framgå	
truth	
image	
kv	
villa	
months	
annenhver	
resul	
anlegge	
strøk	
mein	
nysgjerrighet	
utvikler	
lt	
job	
oppsiktsvekkende	
preparat	
odds	
faa	
beer	
fd	
meglerhus	
livredd	
server	
empati	
driv	
quite	
blaffen	
tilføre	
jaja	
fremstille	
auto	
utprøving	
kompakt	
aka	
coming	
sjømat	
become	
rytter	
desi	
pus	
kommentator	
bliver	
anvende	
rotete	
musikkvideo	
ingrediens	
islamist	
vellevold	
kikk	
ekstraordinær	
forlengst	
krigføring	
økt	
antrekk	
væpne	
tilbringe	
dekan	
motsatt	
lit	
svett	
mycket	
konvertere	
sollys	
havde	
cover	
politifolk	
tillegge	
sites	
kvikksølv	
klimapanel	
holder	
tum	
sia	
further	
codes.	
drikker	
allianse	
implementering	
dop	
comes	
tilførsel	
stans	
u.s.	
treen	
massasje	
fik	
ten	
gj	
clips	
sivilbefolkning	
local	
gb	
dems	
hovedsaklig	
klarere	
went	
træ	
save	
ernæringsfysiolog	
trackback	
pott	
technology	
saman	
regulering	
iløp	
eksperiment	
availabel	
sjekke	
seie	
især	
idol	
studieår	
water	
release	
kind	
ho	
desidere	
kjennetegne	
omvisning	
nekt	
field	
event	
bakkenett	
win	
lilla	
klitoris	
ekkel	
motgang	
lesbian	
several	
nr.	
nal	
g	
desperat	
tillegge	
fo	
workshop	
venstreside	
started	
arbeidsmappe	
www.ta.no	
came	
pers	
opplagt	
høste	
stakkars	
syklist	
saw	
poesi	
overlevelse	
inntak	
hands	
gedigen	
dritt	
training	
utløse	
past	
kåring	
forsyne	
am.	
dominans	
security	
e	
standpunkt	
avkom	
desperat	
able	
pakistan	
kupp	
fascinere	
space	
reprise	
bhi	
olivenolje	
igrunn	
heroin	
mmol	
experience	
sosialist	
såfremt	
såklart	
lysstyrke	
javel	
drite	
påbegynne	
food	
krim	
firmware	
treffer	
drøfting	
defaul	
brutto	
utskrift	
quiz	
betinge	
chinchilla	
synese	
fremstille	
blitz	
hope	
kommunist	
tenåring	
cool	
stp	
following	
naa	
avspilling	
aleine	
målsetning	
eksperiment	
pote	
påta	
bortkaste	
gjenopprette	
forbrukerråd	
kommunistisk	
in	
gods	
kompakt	
agreement	
størrelsesorden	
velkjent	
studieår	
vedtekt	
fortvilet	
strong	
didn	
yet	
rytter	
innta	
ypperlig	
urban	
aktor	
taken	
thought	
percent	
digi.no	
fish	
elendighet	
åsså	
smell	
påmelde	
landslagstrener	
hockey	
cover	
kose	
påkjøre	
høydepunkt	
erstatter	
ind	
høgskolelektor	
fjernkontroll	
poin	
påføre	
ltd.	
matche	
treningskamp	
spent	
ai	
motsatt	
straffespark	
close	
bildestabilisator	
lønning	
toppsjef	
styr	
seff	
scenario	
etablert	
dead	
position	
disc	
cicerone	
td	
metal	
kokain	
hinsides	
ponni	
plagsom	
mislykket	
goes	
sleng	
håndverker	
forsoning	
velkjent	
sedan	
whole	
eh	
pasning	
risikogruppe	
tippeliga	
once	
nokre	
national	
kuch	
looking	
ingeniørfag	
supere	
hvorledes	
designer	
either	
utstede	
landsmann	
tre-fire	
prostituert	
nevner	
ago	
klassekamp	
derpå	
asylmottak	
komplisere	
duell	
lovende	
løping	
tt	
lie	
fuglehund	
utall	
ran	
nyanse	
economic	
ner	
nam	
kår	
together	
rykk	
offshore	
menneskeskapt	
email	
knallhard	
huff	
koordinering	
såå	
vaksinering	
mannlig	
ypperst	
let	
cachen	
aftenblad	
utslitt	
gjorde	
koi	
befinne	
forpliktende	
pådra	
hvitbalanse	
feminisme	
everything	
itj	
bemanning	
arte	
display	
utspille	
biodrivstoff	
gjeste	
already	
nitrogen	
gla	
companies	
blokkere	
grusom	
tildeling	
begå	
rompe	
bortelag	
kvart	
heading	
gjenvelge	
akvarium	
entreprenør	
pulje	
proff	
navigasjon	
innkast	
imam	
fyldig	
overstige	
tilføre	
oppunder	
oppriktig	
debutere	
oppdager	
bilist	
l	
kult	
utenriks	
community	
videokamera	
move	
gjennomført	
framstå	
watt	
kapitalistisk	
bry	
bidragsyter	
learning	
debut	
kj	
spedbarn	
flu	
besitte	
isåfall	
source	
baby	
där	
key	
bom	
drev	
gjenvalg	
sten	
forholdsregel	
svett	
påse	
bading	
run	
kampstart	
huge	
utg.	
unnta	
tilkobling	
slange	
skarphet	
paper	
feedback	
blits	
opinion	
importere	
cupfinale	
tide	
prestere	
kunstverk	
søren	
vaer	
muliggjøre	
lige	
statsborgerskap	
korreksjon	
invasjon	
avspark	
ymis	
sjeføkonom	
fa	
bry	
puppe	
skyter	
fjernkontroll	
blokkere	
tjenestedirektiv	
kjekk	
anerkjent	
musikkbransje	
høydepunkt	
beat	
maksimum	
utkant	
knowledge	
bis	
times	
ju	
inkl	
høytaler	
trønder	
tidsalder	
sær	
penga	
women	
klimapolitikk	
utspill	
deprimere	
oppsiktsvekkende	
yes	
sperre	
reklamere	
gps	
funke	
ølet	
blødning	
oppløse	
holdbarhet	
redegjøre	
known	
trust	
prices	
maste	
jam	
innbrudd	
peace	
kortsiktig	
utebli	
forskudd	
cannot	
avbilde	
nokk	
ike	
takling	
skattyter	
kick	
årsjubileum	
nærområde	
baat	
militant	
iføre	
means	
ignorere	
ultralyd	
building	
tilogmed	
jævla	
double	
innlevelse	
graviditet	
lunch	
question	
karakterisere	
unektelig	
organisk	
vidare	
twitter	
mellem	
vitende	
unnagjort	
emisjon	
ridning	
important	
camp	
andra	
tilse	
blokkere	
utelate	
trådstarter	
ty	
bærbar	
rår	
language	
wrong	
rengjøring	
påmeldt	
players	
revolusjonere	
else	
hardware	
europ	
kortsiktig	
forran	
allergisk	
gjenskape	
adskillig	
bry	
solbrille	
operatør	
kollaps	
soon	
legitim	
ale	
according	
review	
mn	
spore	
slange	
logge	
styringsrente	
grensesnitt	
trikk	
finish	
operasjonsleder	
hunter	
yourself	
imøtekomme	
el.	
barnefamilie	
above	
spore	
regjere	
beagle	
shall	
kidnappe	
pr.	
stad	
pst.	
dannelse	
påfyll	
drifte	
snacks	
banehalvdel	
utested	
mine	
sammenlagt	
printe	
avd.	
yoghurt	
stusse	
anderledes	
menneskehandel	
dritt	
uss	
synsing	
overdose	
dobling	
dagsavis	
taking	
korrupt	
final	
hardcore	
fartstid	
istand	
informatikk	
fundamental	
bildelenke	
xtube	
skyhøy	
www.dagsavisen.no	
skau	
oppkjøp	
romantisk	
migrene	
hjemover	
drahjelp	
kanarisk	
här	
shoppe	
pågang	
kompaktkamera	
yoga	
kalsium	
gaar	
kundeservice	
eksponere	
skue	
society	
pokemon	
mother	
kåring	
gruppespill	
dagsavis	
bacon	
attpåtil	
practice	
hepatitt	
though	
hekte	
hater	
seriekamp	
arrogant	
ture	
sammenbrudd	
rederi	
timing	
lokalisering	
nordre	
slitsom	
seriestart	
komplisere	
sell	
mountain	
education	
lest	
vs.	
støt	
generere	
än	
forhåpentlig	
akkuratt	
mysterium	
hhv.	
sensitiv	
document	
setting	
resul	
reglement	
overhånd	
often	
fremføre	
effektivisering	
antakeligvis	
romslig	
none	
innebygd	
marin	
føling	
nyrefunksjon	
leveranse	
utøvelse	
låte	
fotspor	
foresten	
finn.no	
fundamental	
datid	
renhold	
hvorpå	
tilsetting	
blue	
revolusjonær	
fascisme	
utvikler	
financial	
natural	
gnr.	
uflaks	
pga.	
stede	
kvitt	
essens	
doing	
utmerke	
intervensjon	
behind	
moderator	
hairy	
utsnitt	
maskinvare	
innenlands	
bekjempelse	
attack	
access	
utslag	
nos	
cc	
pinlig	
kommunistisk	
filer	
ret	
omsorgsdepartement	
kya	
blogg.no	
forskning.no	
farte	
evakuere	
bildetråd	
åring	
mtp	
cruise	
invasjon	
korleis	
lissom	
whom	
gire	
innklage	
bebyggelse	
asian	
five	
spillt	
ift	
omstridt	
ens	
ekstraordinær	
svekkelse	
nydelig	
estimat	
ubevisst	
prestere	
kanske	
ubegrenset	
fatte	
skyldes	
napp	
befaring	
berr	
subsidie	
plagg	
hvitvin	
hjertesykdom	
enov	
makrell	
trykkfeil	
kompaktkamera	
grill	
høste	
medienettsted	
elle	
snau	
selfølgelig	
jeans	
sara	
vaksinasjon	
heie	
driver	
t.v.	
on	
distribuere	
spot	
fremmøtt	
jøss	
daa	
spillefilm	
sosialdemokrati	
ho	
amfetamin	
idiotisk	
bløff	
patetisk	
feile	
beautiful	
trekning	
identifikasjon	
dass	
inntog	
platebransje	
eyes	
dæm	
vor	
kronprinsesse	
svimmel	
manipulere	
kø	
related	
drakt	
unggutt	
treffes	
blødning	
trakk	
storby	
shí	
liú	
programmering	
kutt	
kollektivtransport	
child	
skrog	
ødeleggelse	
oppkjøp	
tvungen	
surround	
fakultet	
utube	
urban	
førstemann	
avhenge	
styr	
likesinnet	
align	
sk	
ole	
innvandrerbakgrunn	
green	
homo	
etterforske	
entusiastisk	
nbsp	
friend	
basic	
ror	
hæ	
akupunktur	
flestepart	
wife	
tilbringe	
words	
desc	
growth	
kos	
husk	
eksponering	
bekjentskap	
påføre	
man.	
force	
concern	
bot	
leave	
derifra	
almost	
process	
expected	
målforskjell	
gigantisk	
roe	
regelrett	
minnekort	
layout	
generere	
fagplan	
sverig	
storstilt	
prislapp	
trenges	
oppholdstillatelse	
nettbutikk	
imens	
gjenbruk	
trutt	
spennede	
gubb	
byutvikling	
members	
culture	
kursmål	
trailer	
sprø	
user	
lagringsplass	
ikk	
hr	
glukose	
faar	
tu	
humoristisk	
dark	
brennvidde	
revolusjonær	
konkurranseutsetting	
byggebransje	
to.	
filming	
demokrat	
psykiater	
klapp	
smakebit	
midtveis	
situation	
huse	
issue	
kompleksitet	
berettige	
uproblematisk	
folkeskikk	
period	
markant	
forbause	
event	
western	
spektakulær	
bortekamp	
belage	
ørken	
steroid	
phone	
velfortjent	
påkrevd	
organisk	
lukkertid	
speaker	
nm	
trendy	
också	
spontan	
credit	
pågå	
kjøretur	
igen	
staffan@epost.no	
avvike	
check	
sammenlignbar	
reality	
heavy	
uden	
room	
mb	
vegas	
effect	
clear	
borettslag	
porto	
studieår	
kombinert	
goal	
charge	
likelønn	
write	
tru	
written	
mean	
higher	
slanke	
needs	
jr.	
øyeblikkelig	
skamme	
kje	
fremlegge	
stimulering	
anvende	
utrykk	
usunn	
tjenestepensjon	
smertestillende	
bortføre	
toward	
rasist	
innmari	
æsj	
season	
årsdag	
sen.	
seniorrådgiv	
mislighet	
formasjon	
tåpelig	
stories	
month	
ærlighet	
anslagsvis	
naruto	
parodi	
oppgitt	
genre	
innan	
hang	
upon	
cut	
årsalder	
ye	
polakk	
nordvest	
hansp	
pts	
resesjon	
blende	
prosjektering	
fremdrift	
hotteste	
omlegging	
drag	
bikini	
komplett	
irrelevant	
behag	
online	
konvertering	
hl	
gym	
matt	
klan	
ruff	
average	
audio	
middelklasse	
audition	
tilføye	
innbille	
startskudd	
cheap	
ettersyn	
volley	
published	
ale	
feministisk	
formening	
innsatt	
annan	
margin	
legal	
kineser	
hmmm	
børsmelding	
avvente	
unnlate	
kommentator	
pcen	
leveranse	
aktivere	
taper	
målsetning	
machin	
led	
useoption	
bånn	
rettferdiggjøre	
hey	
tiltenke	
plagsom	
pasning	
jævla	
em	
nyhetsbrev	
gambling	
duell	
grilling	
gammal	
common	
nære	
eksakt	
economy	
increase	
innblande	
fossil	
enebolig	
ben	
website	
effects	
angi	
skru	
sæ	
holdt	
heading	
fr	
godkjent	
eksen	
bart	
appellere	
frempå	
demon	
høydepunkt	
gods	
fyllt	
solo	
silikon	
intensitet	
hjemmelaget	
massiv	
entreprenør	
bry	
akk.	
vekttall	
spilleren	
reason	
førstevalg	
extra	
tenår	
demand	
wc	
took	
mari	
hotel	
eye	
etappe	
ørliten	
anyone	
vedr	
support	
defensiv	
tilsatt	
plus	
groups	
droppe	
gigantisk	
stuff	
drakt	
hero	
sprint	
kortholder	
ill.	
thi	
quarter	
nettbutikk	
amok	
understand	
oppslag	
focus	
doesn	
idioti	
fremholde	
østland	
arbeiderparti	
innsikt	
boring	
avslutningsvis	
imperialisme	
vestland	
itte	
utvelge	
lekke	
heterofil	
fremføre	
curren	
anm	
rsm	
bnr.	
avstemming	
anliggende	
vektreduksjon	
våken	
pelle	
eksakt	
uføre	
stilart	
patient	
matche	
fokusering	
digitalkamera	
påta	
half	
generation	
bø	
årsdag	
tal	
kajakk	
blood	
promotere	
live	
nettavis	
dyster	
innholder	
ltd.	
vg	
taktisk	
bidragsyter	
harry	
ben	
record	
potential	
kiss	
edition	
landskamp	
distribuere	
markert	
trying	
pott	
kvitt	
forbanna	
opprydding	
ekstraordinær	
whateve	
sm.	
ram	
slanking	
lading	
race	
piratkopiering	
function	
watch	
mesterlig	
universitetsdirektør	
israeler	
break	
blond	
etg	
ebony	
boltre	
bakerst	
romer	
police	
pain	
huse	
third	
safari	
photo	
rt	
progressiv	
overvektig	
role	
enebolig	
gru	
duo	
analysis	
florere	
reglement	
nn	
cf	
rather	
works	
något	
bitt	
barbak	
areas	
md.	
manusforfatter	
totalitær	
street	
road	
however	
strikk	
slange	
globalisering	
sover	
omkommen	
fylde	
ose	
nedgangstid	
innskudd	
gje	
bryggeri	
reg	
port	
prøving	
nyfødt	
underbygge	
opptur	
lvl	
innbytte	
trikk	
sponse	
shipping	
cause	
toppe	
nyskapende	
legende	
snarlig	
fremskritt	
forskerforbund	
året	
shares	
lettvinn	
blogginnlegg	
update	
forskningsbasert	
idè	
skru	
sig	
iflg.	
helseproblem	
bedrive	
yeah	
veto	
særs	
less	
gjennomtenke	
bistå	
pt	
users	
holdepunkt	
generellt	
random	
motsette	
mistenkelig	
kvadratmeter	
ern	
pay	
israeler	
bekjent	
ram	
utfolde	
step	
säger	
fi	
aker	
utfoldelse	
stasjonsvogn	
sponsor	
jens	
fengsle	
etablert	
iraker	
havbunn	
seems	
car	
karakterisere	
fisketur	
changes	
satt	
multinasjonal	
visit	
pre	
fake	
bet	
writeback	
solenergi	
oh	
kollapse	
index	
homepage	
enter	
utav	
essensiell	
designe	
satt	
konsentrasjon	
underholdende	
input	
hovedtrener	
etterlengtet	
cost	
hjemløs	
folke	
bl.a.	
actually	
whisky	
ale	
førsteplass	
utro	
storby	
thinking	
langtur	
tøyle	
maleri	
lekke	
studietid	
proletariat	
klimaforskning	
heil	
boligprise	
tja	
reklamere	
plagsom	
box	
begå	
hiphop	
lady	
h	
begynnte	
storby	
mad	
dus	
overvinne	
im	
hehehe	
ekstramateriale	
travel	
fuel	
ubetydelig	
kjempefornøyd	
årig	
rules	
komfortabel	
ipod	
song	
genuin	
dagar	
tungvinn	
stavanger	
spinning	
nazist	
lead	
b	
sikkerhetsråd	
overdosering	
lærd	
india	
triumf	
nom.	
latterlig	
steel	
klitten	
energiforbruk	
sesongstart	
utafor	
panser	
heie	
domene	
destinasjon	
btw	
tydelighet	
issues	
add	
suveren	
sportsdirektør	
oppstandelse	
oppdrive	
kjempebra	
tusenlapp	
påta	
arial	
www.hegnar.no	
uregistrert	
response	
linke	
egoisme	
utførelse	
særegen	
military	
mangen	
malaria	
products	
legevakt	
fordre	
blues	
sammenfallende	
gör	
editere	
immunforsvar	
roe	
jan-otto	
igjenn	
forlove	
projects	
madonna	
let	
html	
along	
nittitall	
blive	
utlevering	
pådra	
innlysende	
hjort	
ekkel	
st.meld.	
kår	
turne	
kanel	
fagforbund	
sense	
reproduksjon	
overblikk	
walk	
medlemsside	
infoside	
avgjør	
ande	
storme	
bittelitt	
maks.	
homse	
speilreflekskamera	
marsvin	
beslag	
mobilisering	
product	
vitterlig	
tvangsekteskap	
tyne	
taxe	
tr	
selektiv	
trappe	
nedenfra	
hhv.	
dødshjelp	
punge	
mafia	
lesbisk	
svada	
trading	
non	
ti.	
påføre	
juble	
hours	
fre	
steke	
pall	
motto	
morning	
egoistisk	
isbjørn	
conference	
verdensklasse	
ditto	
visning	
support@hestemarked.no	
forward	
ya	
someone	
tilskrive	
fascisme	
offline	
alone	
pell	
importere	
foreign	
tenkelig	
konvertere	
misbruke	
gutterom	
mono	
akademiker	
tor	
kjøpesum	
revurdere	
nedtur	
distribuere	
handlekraft	
vannbåren	
sfære	
final	
trønder	
hint	
plastikk	
lærerik	
kjempegod	
sjå	
omme	
ilegge	
uheldigvis	
rentekutt	
hjemby	
henlegge	
ego	
muse	
ekstrautstyr	
volt	
renn	
overkropp	
snarvei	
peer	
kriminell	
dekken	
overtakelse	
opphav	
ishockey	
sushi	
okay	
weeks	
klarlegge	
sesongkort	
currently	
approach	
rusmisbruker	
c)	
punk	
kosttilskudd	
forvandle	
drei	
vip	
treningsøkt	
takes	
ref	
ubestemt	
huse	
helsemessig	
forfriske	
bilist	
treffes	
operatør	
omstridt	
gjordt	
spillestil	
bed	
sosialisering	
bande	
wish	
od	
nøktern	
krøvel	
dedikere	
avlegge	
teit	
ole	
director	
renn	
likebehandling	
present	
mandel	
værst	
utgå	
have	
forleden	
contact	
sluttresultat	
shot	
erfaringsmessig	
bry	
fukt	
document.no	
club	
prisklasse	
palestiner	
solkrem	
linke	
intim	
vaert	
reported	
kome	
kjip	
innefor	
skrå	
operatør	
krangling	
komiker	
forelske	
sårbarhet	
tidl.	
mva.	
kynisk	
heart	
bekymre	
forsette	
påtalemyndighet	
medgi	
chat	
kommunist	
hekke	
hadd	
chip	
proff	
misforstå	
åsted	
satsning	
norskekyst	
revy	
nuclear	
sat	
vitnesbyrd	
tru	
screen	
ok	
office	
kunnskapsminister	
gjera	
åpenlys	
hallo	
musikkvideo	
etablert	
vedlegge	
paradoksal	
near	
konspirasjonsteori	
datterselskap	
sele	
hum	
markets	
margin	
inneklima	
vodka	
skapende	
någe	
lydkvalitet	
følelsesmessig	
nyresvikt	
interest	
healing	
familieliv	
choice	
banner	
synde	
itself	
heime	
camping	
zpok	
miljømessig	
maks	
hypertensjon	
fu	
grill	
stakkars	
deponering	
morgentime	
continue	
velegnet	
seriegull	
immunforsvar	
stillbilde	
smertefri	
idiotisk	
flow	
utløse	
horse	
utlysning	
titusen	
sab	
lavkarbo	
forelske	
whether	
markmus	
ereksjon	
eliminere	
bandy	
sun	
opinion	
snappe	
sg.	
core	
adapter	
match	
serif	
oppfinne	
battle	
trondheim	
søn	
que	
motorvei	
gjennomgående	
avsky	
useriøs	
states	
cocks	
track	
prorektor	
noenting	
kriminell	
freedom	
bl.a.	
propell	
många	
landskamp	
entreprenør	
nature	
standing	
flesk	
rutte	
ap	
utfordrer	
vinkling	
kok	
innfødt	
fighting	
across	
sale	
faresone	
display	
samfunnsvitenskapelig	
nyutdannet	
kompatibel	
activ	
videoopptak	
seriøsitet	
nogle	
fremgå	
utbygger	
usunn	
morgendag	
kompakt	
iår	
villede	
operatør	
interaksjon	
gone	
fremsette	
visitnorway.no	
atomkraft	
app	
utested	
uteliv	
nov.	
designer	
storme	
hipe	
hesteside	
sportssjef	
mob	
matchvinner	
hovedside	
rasist	
ran	
bortekamp	
football	
fjes	
zoome	
gründer	
oyunlar	
progressiv	
evidence	
annenhver	
turtall	
stakkars	
learn	
kvart	
forsyne	
drivhuseffekt	
bevisstgjøring	
tilføye	
feig	
cancer	
alliere	
orginal	
motorvei	
lysstyrke	
inder	
fyrste	
sole	
self	
korps	
klarsignal	
innvilge	
tøys	
trine	
spontan	
sær	
lo	
window	
skammelig	
målsetning	
hahaha	
formelig	
beundring	
særegen	
taktisk	
gjestebok	
etterforske	
town	
tekste	
sunni	
henter	
themselves	
orge	
hain	
ebay	
on.	
ground	
filt	
brukeranmeldelse	
ignorere	
størstedel	
linux	
ger	
spirit	
hummer	
høyreback	
batterilevetid	
nov	
innebygd	
fremføring	
antistoff	
woman	
morges	
beundre	
kontur	
chips	
bero	
poll	
pages	
outfit	
nettsamfunn	
ikke-vestlig	
overraskelse	
oppsiktsvekkende	
marihuana	
himself	
dønn	
underbygge	
særegen	
kontre	
include	
turne	
megapiksel	
mangelvare	
energiforbruk	
deep	
longe	
osv.	
disease	
oppgradering	
millionar	
l	
homoseksualitet	
granskning	
univers	
sometime	
kamerahus	
tilkoble	
piece	
metadon	
address	
soleklar	
romantisk	
kit	
aksjefond	
suspendere	
stilig	
oyun	
likely	
henvendelse	
fantasy	
tidssone	
simply	
feig	
influensa	
stimulus	
forsyne	
elle	
tradisjonsrik	
målscorer	
behandler	
jaha	
investor	
getting	
feilmelding	
utbrudd	
placebo	
sensitiv	
praksisperiode	
førsteplass	
terrier	
remember	
katastrofal	
håpefull	
sørvest	
bryggeri	
utligne	
samlivsbrudd	
nordsjøolje	
fossil	
buddhisme	
books	
stay	
stage	
simpel	
jagerfly	
arbeidsfolk	
vakthavende@canariposten.com	
kil	
fronte	
borettslag	
skru	
designe	
anal	
kil	
grensesnitt	
gaa	
nettavis	
nærkontakt	
holden	
coupon	
condition	
vektøkning	
skattemessig	
innrede	
amateur	
proletariat	
fjerdeplass	
prosentvis	
oppslag	
allsang	
sammenlagt	
prestisjetung	
magesmerte	
idea	
avblåse	
mainstream	
aktivere	
tango	
flyreise	
eg.	
ul	
makro	
loss	
utmerke	
rigg	
kontroller	
g	
mystikk	
fuglehund	
forsprang	
över	
takhøyde	
misvisende	
avkall	
syns	
nervesystem	
manga	
item	
innenriks	
framleis	
erotisk	
dil	
six	
opptatt	
nrk	
nøle	
klatring	
kjønnslemlestelse	
folke	
stock	
komplett	
ikek	
ork	
features	
below	
wanted	
gjennombrudd	
facts	
tetthet	
sexy	
fashion	
booke	
bitte	
misforstå	
chili	
premiering	
kjøling	
entusiast	
akseptabel	
activities	
rarr	
publikummer	
memory	
bonus	
leading	
fire-fem	
ans	
oppbygning	
gjeste	
dykk	
statisk	
mentor	
innlogge	
byrå	
triks	
oppgradering	
oppdrette	
foreleser	
barnearbeid	
komfortabel	
klubbhus	
fundamental	
festlig	
utested	
ovennevnt	
korps	
føye	
utviklingshemmet	
undertegne	
traume	
brite	
røntgen	
rød-grønn	
fagbevegelse	
musikal	
follow	
prislapp	
modern	
videoklipp	
reising	
oregano	
ettertrykk	
t.o.m.	
repertoar	
påskudd	
feeling	
atte	
tilbyder	
reklamefilm	
enkeltvis	
poengsum	
livslang	
katte	
flight	
fagplan	
sporty	
ready	
klikkertrening	
varsom	
rigg	
meeting	
level	
konserndirektør	
elendighet	
velkjent	
sykkeltur	
stup	
l	
liberalisme	
gg	
united	
pyar	
særdeleshet	
lavmål	
klartekst	
avslører	
varsom	
skulen	
scenarium	
uforutsett	
tru	
utnytting	
rådføre	
vaksinering	
pondus	
avlegge	
automatikk	
appetitt	
dansegulv	
glitrende	
sjuk	
miks	
zoo	
kommentarspor	
understanding	
sørøst	
reading	
overgå	
gjengivelse	
forskningsetisk	
digitalisering	
round	
industry	
vertfall	
beat	
storby	
sjanseløs	
posting	
modem	
eg	
back	
photoshop	
avise	
workshop	
met	
iherdig	
uansvarlig	
majoritet	
klokkeslett	
ikon	
gemytt	
droppe	
besetning	
plast	
dagblad	
v.	
sake	
gjev	
fortrolig	
adm.dir.	
spillte	
population	
opptøyer	
henrettelse	
create	
uvesentlig	
stakk	
religionsfrihet	
contract	
pasning	
mao	
juss	
inntreden	
analsex	
undre	
teit	
saftig	
institusjonell	
infisere	
valgfri	
theory	
malt	
henrettelse	
dj	
mafia	
location	
eiendomsskatt	
mary	
kjempegøy	
henrettelse	
qxl	
klargjøre	
guvernør	
etterforske	
blit	
julekalender	
sperre	
kjernekraft	
innafor	
adobe	
rull	
rampelys	
omdanne	
holding	
fatter	
com	
tulling	
pus	
milf	
kehne	
feminist	
reint	
datalagringsdirektiv	
overtak	
istid	
felleskap	
drastisk	
allmennmedisin	
epilepsi	
tilslutte	
ruler	
morra	
cupfinale	
army	
aggressiv	
manager	
kp	
høste	
forbundsleder	
ødeleggelse	
tilbakefall	
stole	
seilfly	
pà	
funke	
søstra	
mayway	
kjøle	
kapitalist	
fear	
tilrådning	
mysterium	
dessa	
br	
treatment	
heng	
legitim	
kroppsvekt	
kåt	
sweet	
saying	
hour	
finst	
venstreback	
tulling	
soleklar	
seriekamp	
robot	
musikal	
milevis	
steke	
official	
secret	
andreplass	
seire	
mbit	
fjes	
beastiality	
fancy	
chaos	
besvare	
storskjerm	
frysning	
dn.no	
shia	
hovedpoeng	
heisann	
avskaffe	
vedlegge	
varmekabel	
migrasjon	
streaming	
presentation	
lederplass	
drop	
underleverandør	
romme	
racing	
omorganisering	
ir	
muslimsk	
mobilnett	
impace	
crazy	
talsperson	
veldi	
humre	
omg	
innholdsrik	
ff	
oral	
meri	
plenty	
missing	
marin	
james	
dyster	
utdanningssektore	
thomas	
telenor	
påberope	
organisk	
videreutvikle	
varmblod	
rytter	
pengar	
nerd	
kukk	
huse	
røyker	
diare	
added	
smakebit	
ons	
nekkablos	
kjempegod	
ipb	
bergenser	
kute	
pe	
leg	
kvantitet	
ker	
styrte	
någon	
mentalitet	
lettlest	
kvotering	
grusom	
flotte	
risikogruppe	
lagkamerat	
grenseland	
farm	
bortenfor	
bekymringsfull	
sinnsyk	
presentasjonsmappe	
studiestart	
overflødig	
leader	
gik	
innsidehandel	
giv	
dpi	
bedrag	
tallrik	
pas	
kaldblod	
inngripen	
akustisk	
stupe	
recent	
oppsving	
kid	
evil	
cock	
aha	
patetisk	
material	
dream	
tilflukt	
papp	
apne	
skreddersy	
sjal	
kongerike	
jr.	
jab	
importør	
slips	
grådig	
etterlengtet	
leiebil	
korte	
mile	
katastrofal	
tilsvar	
present	
kjempeglad	
ettertid	
bull	
bt.no	
vedlegge	
uttak	
misbruke	
intens	
forrykende	
beryktet	
tredve	
styling	
avviser	
asked	
reisebrev	
regulering	
photos	
nogenlunde	
bande	
sporløs	
profilering	
grøss	
akuratt	
tufte	
live	
hon	
børsnotere	
venstreside	
spekter	
leverfunksjon	
kortfattet	
konkuranse	
attacks	
snau	
navne	
kanarisk	
ignorere	
build	
utbygger	
mv.	
kolesterol	
absurd	
svenna	
rule	
romme	
ma.	
brand	
pink	
announced	
schizofreni	
innfallsvinkel	
dyreliv	
dragon	
brukermedvirkning	
par-tre	
max	
gain	
enkeltindivid	
ej	
links	
dance	
sykmelde	
extract	
sam	
pir	
utrygg	
tåpelig	
jarl	
gangavstand	
økokrim	
itunes	
idiotisk	
treet	
talentfull	
snowboard	
megle	
kommunistparti	
farvann	
nevrologisk	
dobbeltmoral	
appellere	
anerkjent	
worth	
supply	
ifm	
romantisk	
mysterium	
innbetale	
gigantisk	
force	
baug	
unntaksvis	
ketose	
heving	
vinterferie	
fargegjengivelse	
complete	
reaksjonær	
medan	
heard	
støpe	
sliter	
republikaner	
karbondioksid	
formodentlig	
etappe	
estimere	
tuppe	
kronprinspar	
www.op.no	
skadefri	
prosessor	
overstå	
overkommelig	
kamerahus	
göra	
certain	
treig	
toppe	
taichi	
komiker	
bakgård	
skattepenger	
selvmål	
nyhetsbrev	
campus	
avsted	
antrekk	
sea	
playing	
goal	
tydeliggjøre	
småpenger	
satire	
motvillig	
mass	
drikking	
channel	
bombing	
ikje	
fosterforeldre	
vertikal	
tydligvis	
scoring	
oberst	
krasje	
kebab	
father	
tv-serie	
landsby	
fristende	
tankekors	
nja	
karma	
handlar	
festing	
minstelønn	
innkjøpe	
prete	
el	
blowjob	
medisinering	
høytaler	
gjennomført	
prosessor	
treverk	
treet	
såååå	
output	
medfødt	
maktmisbruk	
livstid	
henseende	
høgskolesektore	
unnlate	
liga	
bbw	
akvarie	
spelling	
oppreisning	
forstoppelse	
bemanning	
adule	
verft	
spelar	
lower	
komplisere	
fronte	
utgå	
thai	
rotehue	
mine	
kaliber	
chance	
spektakulær	
marxisme	
magic	
innhenting	
manipulere	
kremt	
interesting	
erotisk	
bunne	
sprek	
morfar	
igangsette	
exploration	
asså	
transfer	
tørrfor	
klargjøring	
hear	
bilete	
utfylling	
trial	
onmouseover	
meglerhus	
eksperimentering	
bildebehandling	
absorpsjon	
unpointercursor	
kjip	
kennel	
finalist	
rundtur	
pointercursor	
millionær	
læringsformer	
kondis	
fengende	
frossen	
foreksempel	
imperialistisk	
needed	
lig	
avsporing	
skue	
fikse	
ensp	
takknemlighet	
innholdsstoff	
imøtekomme	
heleta	
foto.no	
filmklubb	
clean	
bekjent	
accounne	
overrekke	
oppklare	
førersete	
costs	
vent	
skru	
risikabel	
oppskrytt	
inklusiv	
ekse	
sladder	
skiskyting	
særklasse	
estimat	
poor	
medfølge	
lagkamerat	
innlogge	
hodesett	
defensiv	
card	
utskifting	
obs.	
anne	
sinna	
meet	
litteraturliste	
diger	
rakk	
misbruke	
kos	
beach	
sålang	
lase	
kunn	
jævla	
various	
sertifisering	
keisersnitt	
coach	
bnr.	
blues	
stamtavle	
kynisk	
kommentarskjema	
info@bellona.no	
increased	
allowed	
a-ha	
vestkyst	
utestengelse	
sudden	
soning	
moving	
trønder	
søkemotor	
sabumnim	
e.	
champion	
bjorni	
utstille	
uaktsom	
seismikk	
report	
leveling	
hoved	
shop	
scorte	
score	
fremragende	
avatar	
korrupt	
blotte	
taktisk	
kid	
op.	
konspirasjon	
kjøreegenskap	
hoff	
antagelse	
allow	
ufortjent	
um	
rakke	
minutes	
mikroorganisme	
für	
utagere	
tinnitus	
stek	
sath	
lovendring	
tidsnok	
running	
preparat	
lange	
myself	
hjemmeseier	
gl.	
forced	
aktivist	
exit	
drivende	
sammenstøt	
receiver	
egenverdi	
drilling	
provokasjon	
væpne	
sale	
guy	
drakt	
beyond	
beginning	
utfall	
opplagt	
bassist	
bakrom	
åring	
talskvinne	
julevri	
dy	
tilleg	
spilleregel	
importør	
www.frifagbevegelse.no	
utmattelse	
tviholde	
parent	
intim	
tribun	
nazist	
mera	
hypotensjon	
handlekurv	
environment	
bestselger	
tilsetningsstoff	
cat	
wide	
utilstrekkelig	
stormskritt	
ridetur	
årsbeste	
shorts	
okei	
fullkommen	
friluft	
diplomat	
apartheid	
smekk	
søkemotor	
pinlig	
supposed	
speilreflekskamera	
politistasjon	
beliggende	
annonsør	
toppleder	
segment	
popular	
någen	
gjen	
anderledes	
helsetilstand	
steke	
privatliv	
borde	
xml	
vidre	
thesis	
required	
intuitiv	
gjenstå	
giv	
dødlinje	
anestesi	
aldring	
forsiktighetsregel	
forming	
finansmann	
dudo	
omløp	
narkotisk	
menneskeskapt	
fremskaffe	
vertikal	
påby	
overvektig	
overfalle	
nya	
nano	
miljøbevegelse	
kon	
hamster	
grow	
forev	
folke	
snau	
script	
raha	
även	
wikipedia	
tru	
prisklasse	
kunna	
fabelaktig	
tredjepart	
skrekkfilm	
involvering	
bilindustri	
autofokuse	
ateist	
støt	
metan	
medio	
kast	
temperament	
lindre	
etterforske	
bridge	
arealdel	
ustabilitet	
overordne	
muskelmasse	
luck	
agree	
jødedom	
idealisme	
grace	
gets	
weapons	
voice	
uerfaren	
reversere	
heade	
created	
strå	
morselskap	
framdrift	
venstreside	
treningskamp	
regneark	
nettbasere	
medspiller	
inntjening	
strak	
sexliv	
received	
opptreden	
gründer	
classic	
addition	
uting	
sponse	
saab	
o.a.	
bu	
kime	
defensiv	
omstridt	
lupe	
juleøl	
gnr.	
game	
fet	
tøv	
sertifisere	
korreksjon	
hundrelapp	
gylden	
desperasjon	
brettspill	
bear	
serious	
rn	
push	
lydspor	
kaha	
boobs	
uforholdsmessig	
sprengstoff	
reklamasjon	
opplyst	
looks	
league	
stell	
sponse	
halveringstid	
båttur	
resources	
lack	
ikon	
gjor	
fraråde	
forsking	
fell	
avkrefte	
plast	
nyfødt	
glippe	
cold	
sån	
opptrapping	
hyttetur	
entusiastisk	
boligområde	
woman	
visited	
bang	
tillegge	
survey	
ram	
oppsøke	
motto	
maskulinitet	
kjempejobb	
forbrenne	
fastholde	
dildo	
catwalk	
anvendt	
agility	
restriktiv	
innfallsvinkel	
hodesett	
gladelig	
fenge	
volvo	
tanks	
eigen	
vidunderlig	
simpel	
prisantydning	
oralsex	
champion	
beige	
underhold	
toppfotball	
molekyl	
liberalisme	
fryser	
century	
spasertur	
arrest	
zero	
webmast	
similar	
question	
probably	
panorama	
klan	
flust	
stunt	
skattemessig	
nation	
førr	
eigen	
zindagi	
utstede	
recently	
limited	
klikk	
frifinne	
derigjennom	
avvente	
varit	
super	
medfølgende	
larki	
jaktprøve	
innkomme	
henger	
forover	
bergenser	
talle	
inneværende	
helsefremmende	
gire	
beslektet	
berede	
arbeidssak	
volleyball	
skråblikk	
reis	
islamist	
bombing	
autoritær	
adrenalin	
utlevere	
sinder	
